external_id,exhibitor_name,url,exhibitor_url,grouping
"acc23_expo_001","Abbott","https://www.abbott.com/for-healthcare-professionals.html","https://www.abbott.com/for-healthcare-professionals.html","A"
"acc23_expo_002","ABIOMEDInc.","https://www.abiomed.com/products-and-services/impella","https://www.abiomed.com/products-and-services/impella","A"
"acc23_expo_003","Acarix USA, Inc.","https://www.acarix.com","https://www.acarix.com","A"
"acc23_expo_004","ACC Argentina Chapter","https://www.fac.org.ar","https://www.fac.org.ar","A"
"acc23_expo_005","American College of Cardiology (ACC)","https://www.ACC.org/ACCCentral","https://www.ACC.org/ACCCentral","A"
"acc23_expo_006","ACC Dominican Chapter","https://www.accdominicanchapter.com/","https://www.accdominicanchapter.com/","A"
"acc23_expo_007","ACIST Medical Systems","https://www.acist.com","https://www.acist.com","A"
"acc23_expo_008","Ai Medic Inc.","https://www.aimedic.us","https://www.aimedic.us","A"
"acc23_expo_009","Aidoc","https://www.aidoc.com","https://www.aidoc.com","A"
"acc23_expo_010","AliveCor, Inc.","https://www.alivecor.com","https://www.alivecor.com","A"
"acc23_expo_011","Alnylam Pharmaceuticals","https://www.alnylam.com/","https://www.alnylam.com/","A"
"acc23_expo_012","AltaThera Pharmaceuticals","https://www.altathera.com","https://www.altathera.com","A"
"acc23_expo_013","Amarin Pharma Inc.","https://www.amarincorp.com","https://www.amarincorp.com","A"
"acc23_expo_014","American Academy of Sleep Medicine (AASM)","https://aasm.org/specialty-practice-accreditation/","https://aasm.org/specialty-practice-accreditation/","A"
"acc23_expo_015","American Heart Association","https://professional.heart.org/","https://professional.heart.org/","A"
"acc23_expo_016","American Regent, Inc.","https://www.americanregent.com","https://www.americanregent.com","A"
"acc23_expo_017","American Society of Echocardiography","https://www.asecho.org","https://www.asecho.org","A"
"acc23_expo_018","Amgen","https://www.amgen.com","https://www.amgen.com","A"
"acc23_expo_019","Angiodynamics","https://www.angiodynamics.com","https://www.angiodynamics.com","A"
"acc23_expo_020","Apple Billing and Credentialing LLC","https://www.applebcredentialing.com","https://www.applebcredentialing.com","A"
"acc23_expo_021","Arineta","https://www.arineta.com","https://www.arineta.com","A"
"acc23_expo_022","ASCEND Cardiovascular","https://www.ascendcv.com","https://www.ascendcv.com","A"
"acc23_expo_023","Association of Black Cardiologists","https://www.abcardio.org","https://www.abcardio.org","A"
"acc23_expo_024","AstraZeneca","https://www.astrazeneca-us.com","https://www.astrazeneca-us.com","A"
"acc23_expo_025","Atlantic Health System","https://www.atlantichealth.org/conditions-treatments/heart-care.html","https://www.atlantichealth.org/conditions-treatments/heart-care.html","A"
"acc23_expo_026","Atman Health","https://atmanhealth.com/","https://atmanhealth.com/","A"
"acc23_expo_027","AtriCure","https://www.atricure.com","https://www.atricure.com","A"
"acc23_expo_028","Axial3D","https://www.axial3d.com","https://www.axial3d.com","A"
"acc23_expo_029","Aya Locums","https://www.ayalocums.com","https://www.ayalocums.com","A"
"acc23_expo_030","Ardent Health Services","https://ardenthealth.com/","https://ardenthealth.com/","A"
"acc23_expo_031","Baptist Health Medical Group","https://www.choosebaptist.com","https://www.choosebaptist.com","B"
"acc23_expo_032","Barton Associates, Inc.","https://www.bartonassociates.com","https://www.bartonassociates.com","B"
"acc23_expo_033","Baxter","https://www.hillrom.com","https://www.hillrom.com","B"
"acc23_expo_034","Bayer","https://www.kerendiahcp.com","https://www.kerendiahcp.com","B"
"acc23_expo_035","Best Vascular Novoste","https://www.bestvascular.com","https://www.bestvascular.com","B"
"acc23_expo_036","BetterNight","https://www.betternightsolutions.com/","https://www.betternightsolutions.com/","B"
"acc23_expo_037","Billings Clinic Health System","https://www.billingsclinicphysicians.com","https://www.billingsclinicphysicians.com","B"
"acc23_expo_038","Binding Site, Inc.","https://www.us.bindingsite.com","https://www.us.bindingsite.com","B"
"acc23_expo_039","BioCardia, Inc.","https://www.biocardia.com","https://www.biocardia.com","B"
"acc23_expo_040","Biosense Webster Inc","https://www.jnj.com","https://www.jnj.com","B"
"acc23_expo_041","BMS/Pfizer","https://bmspfizercongressresources.com/show/booth","https://bmspfizercongressresources.com/show/booth","B"
"acc23_expo_042","Bodyport","https://www.bodyport.com/","https://www.bodyport.com/","B"
"acc23_expo_043","Boehringer Ingelheim Pharmaceuticals, Inc./Lilly USA","https://www.us.boehringer-ingelheim.com/","https://www.us.boehringer-ingelheim.com/","B"
"acc23_expo_044","Boston Heart Diagnostics","https://bostonheartdiagnostics.com/","https://bostonheartdiagnostics.com/","B"
"acc23_expo_045","Boston Scientific","https://www.bsci.com","https://www.bsci.com","B"
"acc23_expo_046","Brazilian Society of Cardiology","http://www.cardiol.br/conheca/default_ing.asp","http://www.cardiol.br/conheca/default_ing.asp","B"
"acc23_expo_047","Bristol Myers Squibb","https://www.bms.com","https://www.bms.com","B"
"acc23_expo_048","British Cardiovascular Society","https://www.bcs.com","https://www.bcs.com","B"
"acc23_expo_049","BridgeBio","https://eidostx.com/","https://eidostx.com/","B"
"acc23_expo_050","BMS/Janssen",,,"B"
"acc23_expo_051","Canadian Cardiovascular Society","https://www.ccs.ca","https://www.ccs.ca","C"
"acc23_expo_052","Canon Medical Systems USA, Inc.","https://us.medical.canon/","https://us.medical.canon/","C"
"acc23_expo_053","Cardea Health Inc.","cardeahealth.io","cardeahealth.io","C"
"acc23_expo_054","Cardiac CT Training with Dr. Matthew Budoff","https://www.ctcourse.com/","https://www.ctcourse.com/","C"
"acc23_expo_055","CardioDiagnostics","https://cardiodiagnosticsinc.com/","https://cardiodiagnosticsinc.com/","C"
"acc23_expo_056","Cardiology Society of Serbia and Republic of Srpska Society of Cardiology","https://www.uksrb.rs/chapter","https://www.uksrb.rs/chapter","C"
"acc23_expo_057","Cardiomatics","https://cardiomatics.com/","https://cardiomatics.com/","C"
"acc23_expo_058","Cardiometabolic Health Congress","https://www.cardiometabolichealth.org/","https://www.cardiometabolichealth.org/","C"
"acc23_expo_059","CardioOne","https://www.cardioone.com","https://www.cardioone.com","C"
"acc23_expo_060","CardioSignal (Precordior Ltd)","https://www.us.cardiosignal.com/","https://www.us.cardiosignal.com/","C"
"acc23_expo_061","CardioSolution","https://www.cardiosolution.com","https://www.cardiosolution.com","C"
"acc23_expo_062","Cardiovascular Business","https://www.CardiovascularBusiness.com","https://www.CardiovascularBusiness.com","C"
"acc23_expo_063","CardioVillage/University of Virginia","https://www.cardiovillage.com","https://www.cardiovillage.com","C"
"acc23_expo_064","Care Access","https://www.careaccess.com/","https://www.careaccess.com/","C"
"acc23_expo_065","Carta Healthcare","https://www.carta.healthcare","https://www.carta.healthcare","C"
"acc23_expo_066","CathWorks","https://www.cath.works","https://www.cath.works","C"
"acc23_expo_067","CCS Foundation","https://www.ccstrials.com","https://www.ccstrials.com","C"
"acc23_expo_068","CDL Nuclear Technologies","https://cdlnuclear.com/","https://cdlnuclear.com/","C"
"acc23_expo_069","Certara","https://www.certara.com/video/the-value-of-basecase/","https://www.certara.com/video/the-value-of-basecase/","C"
"acc23_expo_070","Change Healthcare","https://www.changehealthcare.com/","https://www.changehealthcare.com/","C"
"acc23_expo_071","ChenMed","https://www.chenmed.com/physicians","https://www.chenmed.com/physicians","C"
"acc23_expo_072","CHRISTUS Health","https://www.christushealth.org/","https://www.christushealth.org/","C"
"acc23_expo_073","Circle Cardiovascular Imaging Inc.","https://www.circlecvi.com","https://www.circlecvi.com","C"
"acc23_expo_074","Citizens Memorial Hospital","www.citizensmemorial.com","www.citizensmemorial.com","C"
"acc23_expo_075","Cleerly","https://cleerlyhealth.com/","https://cleerlyhealth.com/","C"
"acc23_expo_076","Cleveland Clinic Heart Vascular & Thoracic Institute","https://clevelandclinic.org/heart","https://clevelandclinic.org/heart","C"
"acc23_expo_077","CMP Pharma","https://cmppharma.com/","https://cmppharma.com/","C"
"acc23_expo_078","Coala Life AB","https://www.coalalife.com","https://www.coalalife.com","C"
"acc23_expo_079","Comfort Release","https://www.leonhardlangusa.com/7-ecgekg-products","https://www.leonhardlangusa.com/7-ecgekg-products","C"
"acc23_expo_080","CompHealth","https://www.comphealth.com","https://www.comphealth.com","C"
"acc23_expo_081","Concierge Choice Physicians","https://www.choice.md","https://www.choice.md","C"
"acc23_expo_082","Concord Hospital Medical Group","https://www.concordhospital.org/","https://www.concordhospital.org/","C"
"acc23_expo_083","Coreline Soft","https://www.corelinesoft.com/en/","https://www.corelinesoft.com/en/","C"
"acc23_expo_084","Corewell Health","https://corewellhealth.org","https://corewellhealth.org","C"
"acc23_expo_085","CSL Behring LLC","https://www.discovercholesterolefflux.com/","https://www.discovercholesterolefflux.com/","C"
"acc23_expo_086","CVRx","https://www.cvrx.com/","https://www.cvrx.com/","C"
"acc23_expo_087","Cytokinetics, Inc.","https://www.cytokinetics.com","https://www.cytokinetics.com","C"
"acc23_expo_088","Cytokinetics, Inc.","https://musclebiology.cytokinetics.com/","https://musclebiology.cytokinetics.com/","C"
"acc23_expo_089","Children's Hospital New Orleans","https://www.chnola.org/","https://www.chnola.org/","C"
"acc23_expo_090","CardioAlex/CVREP",,,"C"
"acc23_expo_091","Daiichi Sankyo","https://www.dsi.com","https://www.dsi.com","D"
"acc23_expo_092","Defense Health Agency Civilian Medical Corps","https://civilianmedicaljobs.com/","https://civilianmedicaljobs.com/","D"
"acc23_expo_093","Del Ray Pharma","www.delraypharma.com","www.delraypharma.com","D"
"acc23_expo_094","DiA Imaging Analysis","https://www.dia-analysis.com/","https://www.dia-analysis.com/","D"
"acc23_expo_095","dms-service llc","https://www.dms-service.com","https://www.dms-service.com","D"
"acc23_expo_096","Doximity","https://www.doximity.com","https://www.doximity.com","D"
"acc23_expo_097","Drawbridge Health","drawbridgehealth.com","drawbridgehealth.com","D"
"acc23_expo_098","Duke Clinical Research Institute","https://dcri.org","https://dcri.org","D"
"acc23_expo_099","The Doctors Company","https://www.thedoctors.com","https://www.thedoctors.com","D"
"acc23_expo_100","eClinicalWorks","www.eclinicalworks.com","www.eclinicalworks.com","E"
"acc23_expo_101","Edwards Lifesciences","https://www.edwards.com","https://www.edwards.com","E"
"acc23_expo_102","egnite","https://egnitehealth.com/solutions/","https://egnitehealth.com/solutions/","E"
"acc23_expo_103","eHealth Technologies","https://ehealthtechnologies.com/","https://ehealthtechnologies.com/","E"
"acc23_expo_104","Eko","https://www.ekohealth.com/","https://www.ekohealth.com/","E"
"acc23_expo_105","Elsevier","https://www.elsevier.com","https://www.elsevier.com","E"
"acc23_expo_106","Elucid","https://www.elucid.com","https://www.elucid.com","E"
"acc23_expo_107","EncaptureMD Flexible Informatics","https://www.encapturemd.com","https://www.encapturemd.com","E"
"acc23_expo_108","Endophys Technologies","www.endophys.com","www.endophys.com","E"
"acc23_expo_109","Endovascular Today","https://www.evtoday.com","https://www.evtoday.com","E"
"acc23_expo_110","Epic","https://www.epic.com/","https://www.epic.com/","E"
"acc23_expo_111","Erlanger Health System","https://www.erlanger.org","https://www.erlanger.org","E"
"acc23_expo_112","Esperion Therapeutics","https://www.esperion.com","https://www.esperion.com","E"
"acc23_expo_113","European Society of Cardiology","https://www.escardio.org/","https://www.escardio.org/","E"
"acc23_expo_114","Fivos","https://fivoshealth.com/","https://fivoshealth.com/","F"
"acc23_expo_115","ForHearts Worldwide","https://www.ForHearts.org","https://www.ForHearts.org","F"
"acc23_expo_116","Forme Financial","https://www.formefinancial.com","https://www.formefinancial.com","F"
"acc23_expo_117","FUJIFILM Healthcare Americas Corporation","https://healthcaresolutions-us.fujifilm.com/enterprise-imaging/synapse-cardiology-pacs","https://healthcaresolutions-us.fujifilm.com/enterprise-imaging/synapse-cardiology-pacs","F"
"acc23_expo_118","FundamentalVR","https://www.fundamentalvr.com","https://www.fundamentalvr.com","F"
"acc23_expo_119","GE HealthCare","https://www.gehealthcare.com","https://www.gehealthcare.com","G"
"acc23_expo_120","General Prognostics Inc.","https://gpx.ai/","https://gpx.ai/","G"
"acc23_expo_121","Genesis BPS","https://genesisbps.com/","https://genesisbps.com/","G"
"acc23_expo_122","Genetesis, Inc.","https://www.genetesis.com","https://www.genetesis.com","G"
"acc23_expo_123","Global Medical Staffing","https://www.gmedical.com","https://www.gmedical.com","G"
"acc23_expo_124","GoodRx","https://www.goodrx.com/","https://www.goodrx.com/","G"
"acc23_expo_125","Greenway Health","https://www.greenwayhealth.com","https://www.greenwayhealth.com","G"
"acc23_expo_126","GSK","https://www.gsk.com","https://www.gsk.com","G"
"acc23_expo_127","Guthrie Medical Group","https://www.guthrie.org/","https://www.guthrie.org/","G"
"acc23_expo_128","Hawthorne Effect, Inc.","https://www.hawthorne-effect.com","https://www.hawthorne-effect.com","H"
"acc23_expo_129","Hayes Locums","https://www.hayeslocums.com/","https://www.hayeslocums.com/","H"
"acc23_expo_130","Heart Failure Society Of America","https://www.hfsa.org","https://www.hfsa.org","H"
"acc23_expo_131","HeartFlow, Inc.","https://www.heartflow.com/","https://www.heartflow.com/","H"
"acc23_expo_132","Hellenic Cardiological Society","https://www.hcs.gr","https://www.hcs.gr","H"
"acc23_expo_133","High Enroll, LLC","https://www.highenroll.org","https://www.highenroll.org","H"
"acc23_expo_134","Houston Gene Therapeutics","https://www.houstongenetherapeutics.com/","https://www.houstongenetherapeutics.com/","H"
"acc23_expo_135","Houston Methodist Hospital","https://www.houstonmethodist.org/debakey","https://www.houstonmethodist.org/debakey","H"
"acc23_expo_136","Houston Shock Symposium","https://med.uth.edu/cahf/houston-shock-symposium/","https://med.uth.edu/cahf/houston-shock-symposium/","H"
"acc23_expo_137","Huma","https://huma.com","https://huma.com","H"
"acc23_expo_138","Huntsville Hospital for Women and Children","https://www.theheartcenter.md/","https://www.theheartcenter.md/","H"
"acc23_expo_139","Hypertrophic Cardiomyopathy Association","https://www.4hcm.org","https://www.4hcm.org","H"
"acc23_expo_140","Impulse Dynamics","https://www.impulsedynamics.com","https://www.impulsedynamics.com","I"
"acc23_expo_141","Inari Medical","https://www.inarimedical.com/","https://www.inarimedical.com/","I"
"acc23_expo_142","InMedtory","https://www.inmedtory.com/","https://www.inmedtory.com/","I"
"acc23_expo_143","Innovation Health Services","https://ihsmd.org/","https://ihsmd.org/","I"
"acc23_expo_144","Intellia Therapeutics","https://www.intelliatx.com","https://www.intelliatx.com","I"
"acc23_expo_145","Inter-American Society of Cardiology","https://www.siacardio.com","https://www.siacardio.com","I"
"acc23_expo_146","Intermountain Healthcare","https://intermountainhealthcare.org/services/heart-care","https://intermountainhealthcare.org/services/heart-care","I"
"acc23_expo_147","Intersocietal Accreditation Commission","https://www.intersocietal.org","https://www.intersocietal.org","I"
"acc23_expo_148","Ionis Pharmaceuticals, Inc.","https://www.ionispharma.com","https://www.ionispharma.com","I"
"acc23_expo_149","Irish Cardiovascular Society","https://www.irishcardiacsociety.ie","https://www.irishcardiacsociety.ie","I"
"acc23_expo_150","Israel Heart Society","https://israel-heart.org.il/","https://israel-heart.org.il/","I"
"acc23_expo_151","IU Kelley School of Business Physician MBA","https://kelley.iupui.edu/physician-mba/","https://kelley.iupui.edu/physician-mba/","I"
"acc23_expo_152","Inspire Medical Systems Inc","https://www.inspiresleep.com/","https://www.inspiresleep.com/","I"
"acc23_expo_153","Jackson & Coker","https://www.jacksoncoker.com","https://www.jacksoncoker.com","J"
"acc23_expo_154","JAMA Network","https://www.jamanetwork.com","https://www.jamanetwork.com","J"
"acc23_expo_155","Janssen Medical Affairs","https://janssenmd.com","https://janssenmd.com","J"
"acc23_expo_156","Janssen Pharmaceuticals, Inc.","https://www.janssen.com","https://www.janssen.com","J"
"acc23_expo_157","Janssen Scientific Affairs","https://janssenmd.com","https://janssenmd.com","J"
"acc23_expo_158","Jogan Health","https://joganhealth.com/","https://joganhealth.com/","J"
"acc23_expo_159","JOMDD","https://www.jomdd.com","https://www.jomdd.com","J"
"acc23_expo_160","The Joint Commission","https://www.jointcommission.org","https://www.jointcommission.org","J"
"acc23_expo_161","Kaiser Permanente","https://www.kp.org","https://www.kp.org","K"
"acc23_expo_162","Karoo Health","https://www.karoohealth.com/","https://www.karoohealth.com/","K"
"acc23_expo_163","Kestra Medical Technologies","https://www.kestramedical.com","https://www.kestramedical.com","K"
"acc23_expo_164","Keya Medical Technology Co., Ltd","https://www.keyamedical.com","https://www.keyamedical.com","K"
"acc23_expo_165","Kiniksa Pharmaceuticals","https://www.arcalystbooth.com/ACC23#/","https://www.arcalystbooth.com/ACC23#/","K"
"acc23_expo_166","KOAG LLC","https://www.koag.life/","https://www.koag.life/","K"
"acc23_expo_167","Kaneka Medical America, LLC","https://kmp-us.com/","https://kmp-us.com/","K"
"acc23_expo_168","Lebanese Society of Cardiology",,,"L"
"acc23_expo_169","Lee Physician Group","https://www.leehealth.org/","https://www.leehealth.org/","L"
"acc23_expo_170","Lexicon Pharmaceuticals Inc.","https://lexpharma.com/","https://lexpharma.com/","L"
"acc23_expo_171","Ligence","https://www.ligence.io","https://www.ligence.io","L"
"acc23_expo_172","locumstory.com","https://www.locumstory.com","https://www.locumstory.com","L"
"acc23_expo_173","LocumTenens.com","https://www.locumtenens.com","https://www.locumtenens.com","L"
"acc23_expo_174","LSI (Life Systems International)","https://lsi-medical.com/","https://lsi-medical.com/","L"
"acc23_expo_175","Marshfield Clinic Health System","https://www.marshfieldclinic.org","https://www.marshfieldclinic.org","M"
"acc23_expo_176","Mayo Clinic","https://www.mayoclinic.org","https://www.mayoclinic.org","M"
"acc23_expo_177","McFarland Clinic","https://www.mcfarlandclinic.com/","https://www.mcfarlandclinic.com/","M"
"acc23_expo_178","Med Learning Group","https://cardiovasculardisease-virtual-booth.com/#","https://cardiovasculardisease-virtual-booth.com/#","M"
"acc23_expo_179","MedAxiom An ACC Company","https://www.medaxiom.com","https://www.medaxiom.com","M"
"acc23_expo_180","Medscape Cardiology - theheart.org","https://www.medscape.com/cardiology","https://www.medscape.com/cardiology","M"
"acc23_expo_181","Medtronic","https://www.medtronic.com/us-en/healthcare-professionals.html","https://www.medtronic.com/us-en/healthcare-professionals.html","M"
"acc23_expo_182","Merck & Co., Inc.","https://www.merck.com","https://www.merck.com","M"
"acc23_expo_183","Merck & Co., Inc.","https://www.merck.com","https://www.merck.com","M"
"acc23_expo_184","Merck & Co., Inc.","https://www.merck.com","https://www.merck.com","M"
"acc23_expo_185","Merge by Merative","https://merative.com/merge-imaging","https://merative.com/merge-imaging","M"
"acc23_expo_186","Metabolic Endocrine Education Foundation (MEEF)","https://www.tmioa.com","https://www.tmioa.com","M"
"acc23_expo_187","Mexican Society Of Cardiology","https://www.smcardiologia.org.mx","https://www.smcardiologia.org.mx","M"
"acc23_expo_188","MiCare Path","https://micarepath.com/","https://micarepath.com/","M"
"acc23_expo_189","Milestone Pharmaceuticals","https://www.milestonepharma.com","https://www.milestonepharma.com","M"
"acc23_expo_190","Murj","https://www.murj.com","https://www.murj.com","M"
"acc23_expo_191","The Mended Hearts, Inc.","https://www.mendedhearts.org","https://www.mendedhearts.org","M"
"acc23_expo_192","National Board of Echocardiography","https://www.echoboards.org","https://www.echoboards.org","N"
"acc23_expo_193","Nebraska Medicine","https://www.nebraskamed.com","https://www.nebraskamed.com","N"
"acc23_expo_194","NEJM Group","https://www.nejmgroup.org","https://www.nejmgroup.org","N"
"acc23_expo_195","NewYork-Presbyterian Hospital","https://www.nyp.org","https://www.nyp.org","N"
"acc23_expo_196","NextGen Healthcare","https://www.nextgen.com","https://www.nextgen.com","N"
"acc23_expo_197","Nipro","https://nipro.com/","https://nipro.com/","N"
"acc23_expo_198","Northeast Georgia Health System","https://www.nghs.com","https://www.nghs.com","N"
"acc23_expo_199","Northern Light Health","https://northernlighthealth.org/careers/","https://northernlighthealth.org/careers/","N"
"acc23_expo_200","Northwell Health","https://www.northwell.edu/cardiovascular-thoracic-services/cardiology","https://www.northwell.edu/cardiovascular-thoracic-services/cardiology","N"
"acc23_expo_201","Northwestern Medicine","https://www.heart.nm.org/","https://www.heart.nm.org/","N"
"acc23_expo_202","Norton Medical Group","https://nortonhealthcare.com/","https://nortonhealthcare.com/","N"
"acc23_expo_203","Novartis Pharmaceuticals Corporation","https://www.novartis.com","https://www.novartis.com","N"
"acc23_expo_204","Novo Nordisk, Inc.","https://www.novonordisk-us.com","https://www.novonordisk-us.com","N"
"acc23_expo_205","The National Heart Lung and Blood Institute","https://www.nhlbi.nih.gov/","https://www.nhlbi.nih.gov/","N"
"acc23_expo_206","100Plus a Connect America Company","https://www.100Plus.com","https://www.100Plus.com","O"
"acc23_expo_207","Ochsner Health - John Ochsner Heart and Vascular Institute","https://www.ochsner.org","https://www.ochsner.org","O"
"acc23_expo_208","Olink Bioscience","https://www.olink.com","https://www.olink.com","O"
"acc23_expo_209","Omega Medical Imaging","https://www.omegamedicalimaging.com/","https://www.omegamedicalimaging.com/","O"
"acc23_expo_210","Osso VR","https://ossovr.com","https://ossovr.com","O"
"acc23_expo_211","Owensboro Health Regional Hospital","https://www.owensborohealth.org/","https://www.owensborohealth.org/","O"
"acc23_expo_212","Pacific Permanente Group","https://careers.pacificpermanente.com/","https://careers.pacificpermanente.com/","P"
"acc23_expo_213","Pakistan Cardiac Society","https://www.pcs.org.pk","https://www.pcs.org.pk","P"
"acc23_expo_214","Penumbra, Inc.","https://www.penumbrainc.com","https://www.penumbrainc.com","P"
"acc23_expo_215","PeriCor LLC","https://pericorllc.com/","https://pericorllc.com/","P"
"acc23_expo_216","Pfizer","https://www.pfizer.com","https://www.pfizer.com","P"
"acc23_expo_217","Philips","https://www.philips.com/healthcare","https://www.philips.com/healthcare","P"
"acc23_expo_218","Pie Medical Imaging BV","https://www.piemedicalimaging.com","https://www.piemedicalimaging.com","P"
"acc23_expo_219","Precigen Exemplar","https://precigen.com/companies/precigen-exemplar/","https://precigen.com/companies/precigen-exemplar/","P"
"acc23_expo_220","Precision Medical Billing","https://www.precisionmedicalbilling.com","https://www.precisionmedicalbilling.com","P"
"acc23_expo_221","Presbyterian Healthcare Services","https://www.phs.org/Pages/default.aspx","https://www.phs.org/Pages/default.aspx","P"
"acc23_expo_222","Prevounce Health","https://www.prevounce.com/","https://www.prevounce.com/","P"
"acc23_expo_223","Qardio, Inc.","https://www.qardio.com","https://www.qardio.com","Q"
"acc23_expo_224","QGenda","https://www.QGenda.com","https://www.QGenda.com","Q"
"acc23_expo_225","QT Medical, Inc.","https://www.qtmedical.com","https://www.qtmedical.com","Q"
"acc23_expo_226","Quten Research","https://www.qunol.com","https://www.qunol.com","Q"
"acc23_expo_227","ReactDx","https://www.reactdx.com/","https://www.reactdx.com/","R"
"acc23_expo_228","ReCor Medical","https://www.recormedical.com/","https://www.recormedical.com/","R"
"acc23_expo_229","Recora","https://www.recora.com/","https://www.recora.com/","R"
"acc23_expo_230","Regeneron Healthcare Solutions","https://www.regeneron.com","https://www.regeneron.com","R"
"acc23_expo_231","Registry Partners, Inc.","https://www.registrypartners.com","https://www.registrypartners.com","R"
"acc23_expo_232","RICOH USA, INC","https://www.ricoh-usa.com/en/industries/healthcare/3d-printing-for-healthcare","https://www.ricoh-usa.com/en/industries/healthcare/3d-printing-for-healthcare","R"
"acc23_expo_233","Riverside Medical Group","https://www.riversideonline.com","https://www.riversideonline.com","R"
"acc23_expo_234","Roche Diagnostics Corporation","https://www.roche.com","https://www.roche.com","R"
"acc23_expo_235","RWJBarnabas Health","https://www.rwjbh.org/","https://www.rwjbh.org/","R"
"acc23_expo_236","Saint Francis Health System","https://www.saintfrancis.com/","https://www.saintfrancis.com/","S"
"acc23_expo_237","Sanofi","https://www.sanofi.com","https://www.sanofi.com","S"
"acc23_expo_238","Sarfez Pharmaceuticals","https://www.sarfezpharma.com/","https://www.sarfezpharma.com/","S"
"acc23_expo_239","Saudi Heart Association","https://sha.org.sa","https://sha.org.sa","S"
"acc23_expo_240","SCA Health","https://sca.health/","https://sca.health/","S"
"acc23_expo_241","ScImage, Inc.","https://scimage.com/products/cardiology","https://scimage.com/products/cardiology","S"
"acc23_expo_242","scPharmaceuticals","https://www.scpharmaceuticals.com","https://www.scpharmaceuticals.com","S"
"acc23_expo_243","Shockwave Medical","https://www.shockwavemedical.com","https://www.shockwavemedical.com","S"
"acc23_expo_244","Siemens Healthineers","https://www.siemens-healthineers.com/","https://www.siemens-healthineers.com/","S"
"acc23_expo_245","SignatureMD","https://signaturemd.com/","https://signaturemd.com/","S"
"acc23_expo_246","Silence Therapeutics plc","https://www.silence-therapeutics.com/home/default.aspx","https://www.silence-therapeutics.com/home/default.aspx","S"
"acc23_expo_247","Springer Nature","https://www.nature.com","https://www.nature.com","S"
"acc23_expo_248","St. Francis Hospital","https://opci.live/","https://opci.live/","S"
"acc23_expo_249","Staff Care, Inc.","https://www.staffcare.com/","https://www.staffcare.com/","S"
"acc23_expo_250","Stanford Health Care","https://www.stanfordhealthcare.org","https://www.stanfordhealthcare.org","S"
"acc23_expo_251","Studycast by Core Sound Imaging","https://www.corestudycast.com","https://www.corestudycast.com","S"
"acc23_expo_252","Surgical Science - Simbionix Simulators","https://www.surgicalscience.com","https://www.surgicalscience.com","S"
"acc23_expo_253","Sutter Health/Sutter Health Valley Area","https://www.checksutterfirst.org","https://www.checksutterfirst.org","S"
"acc23_expo_254","The PERT Consortium","https://pertconsortium.org/","https://pertconsortium.org/","S"
"acc23_expo_255","The Society for Cardiovascular Angiography and Interventions","https://www.scai.org","https://www.scai.org","T"
"acc23_expo_256","ThedaCare","https://thedacare.org/","https://thedacare.org/","T"
"acc23_expo_257","TIMI Study Group Brigham & Women's Hospital","https://www.timi.org","https://www.timi.org","T"
"acc23_expo_258","TTG Imaging Solutions","https://www.ttgimagingsolutions.com","https://www.ttgimagingsolutions.com","T"
"acc23_expo_259","UAB Medicine","https://uabmedicine.org/referCVI","https://uabmedicine.org/referCVI","U"
"acc23_expo_260","Ultromics, Inc.","https://www.ultromics.com","https://www.ultromics.com","U"
"acc23_expo_261","UnisLink","https://www.unislink.com","https://www.unislink.com","U"
"acc23_expo_262","United Therapeutics Corp.","https://www.unither.com/index","https://www.unither.com/index","U"
"acc23_expo_263","Universal Health Services (UHS)","https://uhs.com/careers/physician-career-opportunities/?redirect=www.uhsinc.com","https://uhs.com/careers/physician-career-opportunities/?redirect=www.uhsinc.com","U"
"acc23_expo_264","Upbeat Cardiology Solutions","https://www.upbeatcardiology.com/","https://www.upbeatcardiology.com/","U"
"acc23_expo_265","US Heart & Vascular","https://usheartandvascular.com/","https://usheartandvascular.com/","U"
"acc23_expo_266","Ucardia, Inc.","https://ucardia.com/","https://ucardia.com/","U"
"acc23_expo_267","Valencell, Inc.","https://valencell.com/","https://valencell.com/","V"
"acc23_expo_268","Vasomedical, Inc.","https://www.vasosolutions.com/","https://www.vasosolutions.com/","V"
"acc23_expo_269","VectraCor, Inc.","https://www.vectracor.com/","https://www.vectracor.com/","V"
"acc23_expo_270","Vektor Medical, Inc","https://www.vektormedical.com","https://www.vektormedical.com","V"
"acc23_expo_271","Veradigm","https://veradigm.com/","https://veradigm.com/","V"
"acc23_expo_272","Viper Equity Partners","https://www.viperequitypartners.com/","https://www.viperequitypartners.com/","V"
"acc23_expo_273","VISTA Staffing Solutions Inc","https://www.vistastaff.com","https://www.vistastaff.com","V"
"acc23_expo_274","Vista.ai","https://vista.ai","https://vista.ai","V"
"acc23_expo_275","VitalSight/Omron","https://omronhealthcare.com/vitalsight/","https://omronhealthcare.com/vitalsight/","V"
"acc23_expo_276","Vivalink, Inc.","https://www.vivalnk.com","https://www.vivalnk.com","V"
"acc23_expo_277","Viz.ai","https://www.viz.ai","https://www.viz.ai","V"
"acc23_expo_278","Weatherby Healthcare","https://www.weatherbyhealthcare.com","https://www.weatherbyhealthcare.com","W"
"acc23_expo_279","Windmill Cardiovascular Systems","htps://www.windmillcvs.com","htps://www.windmillcvs.com","W"
"acc23_expo_280","Wolters Kluwer","https://shop.lww.com","https://shop.lww.com","W"
"acc23_expo_281","World Heart Federation","https://www.worldheart.org","https://www.worldheart.org","W"
"acc23_expo_282","WVU Heart & Vascular Institute","https://wvumedicine.org/heart/","https://wvumedicine.org/heart/","W"
"acc23_expo_283","Zio by iRhythm","https://www.irhythmtech.com","https://www.irhythmtech.com","Z"
"acc23_expo_284","Ziosoft","https://www.ziosoftinc.com","https://www.ziosoftinc.com","Z"
"acc23_expo_285","ZOLL Medical Corporation","https://www.zoll.com","https://www.zoll.com","Z"
"acc23_expo_286","Zywie Healthcare","https://www.zywie.healthcare","https://www.zywie.healthcare","Z",